Actual Sales,Predicted Sales
1138800.32,1168476.7651971465
1304850.67,1306361.000937075
1769296.25,1760970.5317467623
1077640.13,1032470.476293977
428851.99,450860.7240493828
1004523.59,982975.7027299865
1523410.71,1421736.1650790984
1014898.78,972764.0152306058
1955896.59,1938686.690151417
958667.23,986170.3119137547
687344.68,619918.65053841
513991.57,557427.7242765795
1840686.94,1931874.3284710462
881503.95,897824.3129840904
955506.95,934163.6462123346
874790.68,973225.789555283
672194.03,648558.7901659657
820964.1,826671.8388355799
608390.94,598926.3414417227
547384.9,549534.7558094502
733564.77,769121.046058938
457711.68,471070.88604308583
2102530.17,2252343.7446798496
875372.91,913983.5014599189
981345.2,1026311.4943652295
1999794.26,2062393.9853320562
2495630.51,2181892.179444517
2461468.35,2523491.5946873864
620087.35,599257.483176573
1509323.09,1638947.197007832
1033552.18,928698.1214238044
1375458.21,1336539.242744691
1686010.02,1841313.3215495946
1394065.76,1396312.4739153457
1379488.05,1356715.9387697438
611258.71,758179.0859266153
1933719.21,2033241.0408790994
1912791.09,1861775.4169112116
2427640.17,2151259.9006652255
1837743.6,1946563.424913552
808821.5,808059.8568578532
773878.58,783097.9068276777
1153332.89,1112167.1145701765
1244390.03,1335385.313514998
1285358.01,1278820.5165878793
895069.88,988897.1845163354
1507460.69,1574416.6576027004
481119.6,509387.3393818039
2042581.71,1949386.5426852675
469598.57,480246.26311899436
2057059.53,1520020.5483202222
1833511.08,1821297.6385724097
1725268.56,1676947.9201107475
1063557.49,1071007.3516558923
1837553.43,1888639.9891090787
412314.71,421374.6286569688
1495536.46,1715344.4156507426
873643.14,824287.9343010176
457216.87,538199.0777445141
935266.43,901548.3098141409
1530761.43,1511004.8037428355
922539.94,1021057.3995468605
1124763.74,1172255.3013589932
386344.54,373381.2686963701
275313.34,287106.61270498374
224294.39,229513.8224603787
697645.32,761224.8144372482
450756.71,488371.7522833034
2091663.2,2051250.0938194161
537224.52,532848.3721622764
246124.61,236470.59118381963
767338.32,762253.4823479377
1448938.92,1488275.0720805188
1911967.44,1731062.4864873332
941612.04,946451.536031034
555279.02,542327.467164648
432808.48,427994.22085625946
656637.63,634730.795687021
579874.22,665454.0810500004
387944.83,415628.1738480088
1249696.97,1239480.0514039835
292859.36,290417.74736068165
994801.4,920875.9481013278
494145.8,538690.0452085851
412456.48,408891.00685571035
280472.78,291829.3398034463
496851.6,522590.3246389849
848358.09,834964.768822613
599629.25,520367.39441128256
947815.05,941226.5665549051
453943.89,449330.5021380303
813845.5,856041.0282194491
374556.08,414855.8697283121
1799682.38,1720643.4871163284
565297.54,565606.3626535169
1377092.33,1360855.2609819805
471115.38,482955.1390174439
1762155.79,1826228.5412237688
722496.93,747556.2632772038
264214.12,291553.36737249995
844373.31,921860.8959990622
2066541.86,2085948.0340926766
1597868.05,1570253.2231505844
1308122.15,1341158.074725735
597856.51,729140.3789420183
586289.08,563588.4893047882
920128.89,903569.9423487845
719888.76,851940.9894518395
749549.55,815845.9079719501
483660.15,509822.9947421525
1122034.48,1200528.1748585536
1084722.78,1162716.7021450852
791356.9,720518.3036538926
619369.72,632349.9317918071
941829.0,946053.3989376004
960746.04,913099.5513838537
1081322.12,1229501.9835163904
1079931.63,1238827.966258197
874446.32,914446.521157134
1853161.99,1875685.5677896442
321299.99,331530.113360678
532241.22,502901.29230839806
522105.93,519643.1847811109
735796.38,851304.4046687839
751963.81,758819.0401509051
1440963.0,2458923.534577863
559285.35,590469.9835399882
1010711.08,1022514.7760546005
531811.85,518722.893106406
833782.7,765284.1754369548
813630.44,772638.1826221447
522554.04,517717.8358493578
1507637.17,1337596.6716065614
1404516.29,1408246.0215212684
929690.71,985945.2340205419
911969.0,967818.8181104814
584000.71,567279.9866442744
2027056.39,2035171.1727034315
1761235.67,1418929.793896576
2202450.81,2166297.3795333845
1315356.99,1349009.1380886997
1016143.64,1224360.8578178927
575676.13,538761.8357012478
246277.18,261810.36690404182
273690.37,271508.8460056092
1510397.27,1477860.648034046
968258.09,945043.2409790378
825283.43,889536.4107840201
531600.62,568120.1777929617
1224175.99,1385870.4423584468
1042043.55,1271335.4347303913
1334571.87,1414725.912124536
917317.15,892346.5401747249
1198104.22,826575.7327063568
1069533.17,1249009.2892909741
1294105.01,1306269.1576785853
1472752.01,1351695.1257578696
505329.66,520565.8133878277
2013115.79,2066748.1601123095
821568.64,821288.6840280246
1344483.81,1312786.0334521993
1434709.63,1296577.289936726
892133.41,877418.5147953891
753860.89,756654.7109607712
1733822.4,1075152.5726619838
1877592.55,1930599.1334816124
1354168.18,1338856.7177692472
471449.98,561916.713524903
454694.21,443580.3616034096
1203172.05,1178104.2602469209
527509.76,583164.0013006738
853073.17,1119259.2729244565
402341.76,377639.05918099685
368929.55,368350.32416672533
1930814.66,1879800.5989773285
1149448.02,1159529.8702999444
1379579.63,1265199.3530242345
1405168.06,1394262.7657097953
520284.79,561916.713524903
311590.54,301136.8295493826
418925.47,433494.134318124
2290549.32,2250292.2769106627
1375962.46,1385962.2889029281
967310.82,996507.2012321613
877813.33,884613.6275519829
757738.76,852789.6703062142
1511641.09,923992.1405560976
284309.34,308248.63968097715
895020.48,895474.7903168733
1090558.57,1779984.1013046
968816.33,960005.9624807365
1205536.71,1241657.493197327
924011.76,928900.6630378738
1257921.28,1262235.3154321741
916522.66,988897.1845163354
904650.55,978469.8244910848
392152.3,384483.9235048781
556046.12,567497.6594161106
472511.32,485637.5166080483
492792.8,537141.576525816
617405.35,619989.5082288398
782796.01,775889.9383667011
1750891.47,2033020.571565822
1135577.62,1163789.447346101
530367.83,515527.56645732134
274634.52,287092.14033279376
1112449.3,1023189.4831141852
498056.0,546715.0456668055
1419445.12,1458084.5958475096
554036.84,566000.2750942744
1469693.99,1465340.063417621
347295.6,346125.2787809812
1968045.91,1981011.3588087133
295339.01,292913.7729779612
1933577.2,1943008.0320325894
1843030.95,2050426.1304539056
581473.55,540638.2331806603
461868.09,456892.090990719
274721.85,267574.1619453747
272997.65,278971.4784642262
1493525.93,1561278.308106778
354993.26,387512.4088966013
831425.2,912563.3327145799
506273.74,518015.74397418427
925916.65,1027174.7139917664
1361945.18,1323455.7098809984
654088.02,694732.3653742316
1172003.1,1711493.6071512115
1306194.55,1451451.3768793559
1220579.55,900766.6596733208
515777.97,523642.8002415831
642827.29,735215.723763409
1949183.14,1358269.3229799538
310800.79,273095.76084428374
653468.75,821617.208037352
1986445.65,2014835.3370122057
1672339.27,1688208.2039018592
977062.44,987241.1134793587
685531.85,725146.9164770425
2143080.57,2226600.6833569626
1809989.29,2007068.8118339237
1366381.6,1326213.1733920958
565390.4,588413.212143429
1703850.25,1856949.612746366
1935299.94,1969589.1898446223
1345454.0,1429578.0327311107
517021.3,509391.390791789
1323999.36,1335097.3844982672
1554837.62,1310083.0901846392
551799.63,564076.5522917608
845252.21,868155.1830746782
1051518.45,932416.2923565104
1150204.71,1186722.4259628258
948977.5,1162897.8380159966
1226997.7,1328490.1480482426
967729.35,957624.0831738906
527041.46,523826.1495727747
571190.83,602863.2886455252
230519.49,252804.72859842703
1407842.91,1416993.9229632034
579272.38,495241.9881168252
427175.03,403315.115758531
1550214.02,812726.2686944525
997868.63,1022624.7699869396
1244542.33,1286958.0805646558
1148987.46,1167942.0307179615
942970.63,943100.3180864165
640181.86,757955.64665048
905984.49,889140.9471696229
1334627.96,1335763.2557639594
1427383.24,1397916.762477833
2363601.47,2174465.421887988
771298.98,785898.0597811874
793589.18,787633.9187974195
555424.24,535885.6620802368
1287288.59,1347496.3544740125
452792.53,460156.14353579486
512834.04,561916.713524903
301444.94,320554.9758050967
1880752.36,1929939.195109825
620908.18,567658.2638906479
618949.82,678626.9722966014
1132948.48,1281827.209563614
484032.75,515707.9039254194
847380.07,912582.1242911508
1140501.03,1153433.1958873908
2338832.4,1522300.168969688
1206795.74,1171381.3409742338
1891816.0,1938686.690151417
2015563.48,2070583.187588069
553834.04,547395.8670322597
2068942.97,1582955.9870031488
1297792.41,1334910.880275656
348591.74,362286.70223704015
1946369.57,1938686.690151417
1245480.95,1368165.6082728824
2144336.89,2331195.949125916
619639.74,689662.6081475345
1525147.09,1566115.1932880292
1781717.71,1846049.363877236
538344.1,515095.5971035257
659950.36,563965.8575137954
971422.67,924073.3176000053
956987.81,906834.0011261998
1008483.07,923644.791778424
768390.05,780075.8838938236
1118313.7,1119561.7860492931
958007.69,970290.9372039405
1157557.79,1197890.2432542662
1337617.55,1280257.8041791467
1273279.79,1217980.049805406
763479.9,776758.3855410973
872113.23,911946.1291408204
537455.65,560568.1454848218
1109216.35,1205507.9306436416
246970.97,254228.8074327263
1327405.42,1482258.8473222805
1799070.98,1639337.6229948252
1355234.3,1394058.6409215413
1945808.26,1942440.9058396264
1333315.03,1242173.1849911287
1183571.35,1196714.5716806937
1830939.1,1781054.8485426612
1441559.4,1467600.4176819874
349214.18,372009.99964356015
1477134.75,1290744.7757596574
475770.14,542263.1789090087
1115255.65,815576.163677886
335858.11,333440.35057937703
413042.12,402284.56389970117
855001.02,1020573.5189259808
1182694.95,1272439.4913363508
781694.57,751706.1850748941
1146992.13,1194936.009849142
1173131.63,1218845.8948202247
793184.25,944726.3255747651
237095.82,238666.8095097496
244856.44,243499.32341731671
1307928.01,1324022.6668018238
1111638.07,1562903.7190752341
655157.32,719594.118732744
1539483.7,1792638.12967656
1345311.65,1390070.3265530677
320831.36,316271.40896062495
224639.76,243906.16329534075
1931668.64,1971157.263371803
1795152.73,1815207.8342362514
1867345.09,1910811.4030240318
2039222.26,1977796.3938472508
867283.25,751500.4204119898
324174.79,289748.0795171377
1932233.17,1924039.3131957715
1095091.53,1130629.442904675
1376670.27,1421198.4200480846
542663.53,561711.4563201412
2078420.31,2082138.9453303951
1697229.58,1625563.990013986
363064.64,361352.67148055846
733037.32,748601.1596073539
316687.22,318955.3134126738
564538.07,506912.5965492899
944100.3,951924.8717361657
1858440.92,1942534.7297230586
982523.26,929542.719779904
899044.34,880128.4400442399
1615524.71,1539508.8285283307
813954.82,892068.1869253174
1441032.59,1281380.6927378888
269624.2,280140.86925190693
1171391.41,1165441.7614062147
405860.37,425308.8780998292
1027584.51,999603.9712706708
1929738.27,1410088.4613976933
816838.31,910876.1951548506
597855.07,575814.5301417469
1893955.27,1942046.4748545857
2283540.3,2156557.289229648
603147.26,595697.1344091822
953495.48,944438.41199488
530059.06,502058.4989377193
1230613.5,1196115.249847448
892393.77,827581.4945891621
1470520.83,1283495.6037505106
1817887.23,1889348.5142886213
1826241.44,1896833.7639510068
1162675.85,1342689.4712511145
1429954.66,1442488.6176834009
1359158.57,1439999.9457041982
1494251.5,1511364.3082717499
416953.51,413440.28929687035
498749.62,509743.7421054845
926455.64,926350.401748652
434471.38,447270.26307226723
1773500.56,1701464.722931357
1424225.44,1516816.5735635867
1311175.93,1273050.1161200523
1208600.05,1368674.169983597
1375307.54,1330010.1354376453
3766687.43,2361810.8316072742
435579.7,485306.1920111113
281909.79,280069.3779631109
1720908.01,1845289.6806070977
922440.64,966299.8720640148
1285976.53,1219910.0602166043
504750.35,507532.54709972715
711470.8,779787.189797809
610641.42,583348.9138384847
2094373.0,2042158.4222616232
1309437.17,1284739.6559697208
1890273.44,1919851.8298786676
827738.06,847761.1334535299
1870843.9,1919941.4903191894
1308537.75,1489238.7761391196
2152229.11,2049213.8624571122
1280231.85,1321255.9773279896
1051922.95,991273.0523022824
768718.11,752442.6386879652
1960587.76,2075169.6758140095
517869.97,569709.7939805698
2010216.49,1914316.9597266607
329467.82,322821.67682383687
713479.91,668131.9119325047
436970.1,417221.3932013789
1539930.5,1528012.255779329
1049372.38,1036756.4262209071
2039818.41,2026723.5616840632
1903385.14,1842694.8317196327
1130022.99,1014520.1311584079
554972.42,552302.120907912
817485.14,907940.6846021058
2205919.86,2065236.231420529
852333.75,894208.7037293987
2168041.61,2016547.904711155
1170456.16,1195863.7667045547
1670579.82,1808318.4400301334
1539230.32,1462950.150399922
618121.82,595033.9857083651
1402372.09,1292452.3777737569
1925728.84,1957054.1883441452
911245.43,1071756.2291590278
495951.66,506979.3419966782
263263.02,276289.34319630614
1197373.13,1197309.337835994
293350.51,324387.6903007448
821498.18,771540.266644979
373267.58,356968.9321957826
1346783.35,1269452.3061901538
1092616.49,1162441.5164390223
1352401.08,1316781.711893691
501251.4,502807.8701754875
1514259.78,1542039.1499398106
2034695.56,2024837.3466552726
979552.34,985541.8710793306
629152.06,739541.849655395
426151.88,422519.16260834003
438529.81,434800.16109996935
777175.28,1120820.6586879145
628218.22,569590.3211623948
1407036.59,1410428.9299937456
333522.6,315743.93531852023
1040143.14,1063065.8708208771
1621841.33,1706411.2532734093
1763545.32,1676947.9201107475
1794868.74,1938709.222611109
407764.25,419068.3398828682
2052984.81,2057519.419024309
1272395.02,1312553.5651883641
475776.45,502446.6995268266
453632.76,557194.9205024752
521516.96,552606.5101119297
385672.11,398960.9232465524
2168709.76,1946793.340878673
2658725.29,2081715.0233930512
2374660.64,2158141.2143766526
916033.92,894264.208499643
285100.0,270424.192028968
336378.38,330081.8715262545
1078182.18,1131260.4148143132
1563140.85,1401529.4953617945
1279080.58,1344367.2682323745
927249.61,941878.2865173268
350276.29,362662.58710788464
419348.59,435386.9910506848
1259941.48,1344524.2016820842
1360969.45,1405388.0603633877
503720.98,515272.97393811436
1156826.31,1092743.754497412
297753.49,281970.8681047116
916446.02,909676.9517043899
534597.69,524899.8149343858
1572966.15,1425621.888140828
1310684.1,1340813.491797923
325041.68,328062.7377566987
1350441.68,1471674.0369224378
798593.88,749963.6942986153
1764984.15,1782283.1944579494
1360520.56,1351309.7362169663
558837.27,581350.2121640764
444181.85,498964.6264210803
1547729.24,1405388.0603633877
1293404.18,1299462.8804968975
1336044.75,1456190.4750890555
1669299.78,1788205.9775221797
1958823.56,1922178.6506935698
361311.41,360849.5924779936
443557.65,425482.40407021483
2103322.68,2030120.9960685244
855459.96,842874.4603620241
1536549.95,1348703.93731652
987990.24,964310.091429599
369722.32,414458.5473609545
434822.13,432845.91840897046
1607343.41,1640423.8344763857
220060.35,240192.19030395604
549505.55,535706.4046729964
833517.19,866354.7110131352
877235.96,766244.6169159573
649128.23,627167.3692936774
1095421.65,1023190.6459416059
1110706.06,1194715.581099142
861965.12,819341.6951487799
680943.03,621025.1162124155
1790439.16,1843966.3042724668
541120.2,599944.5845831675
1876704.26,1896653.3065344673
1556627.62,1273423.3941006644
571463.93,558443.9150232461
1629391.28,1634982.1224007038
715876.27,783287.3594720827
410497.73,405407.42290891684
628494.63,731141.0336295101
1621109.3,1884797.5151109416
712647.97,771827.7222925029
835181.18,807770.9282073219
276198.74,265617.3910219677
1765571.91,1850857.5698263254
873576.96,864449.5789019663
767358.37,851655.7485389472
325345.41,318147.90906461765
471281.68,541526.2760204696
855385.01,974875.404830849
1707662.87,1686717.2848936268
466322.76,546631.0164232487
389540.62,373458.5807132471
2105301.39,2340907.5836294033
1875040.16,1671264.801095709
1412925.25,1276380.7902810639
525545.76,589011.617292912
344642.01,316759.03673355427
951588.37,1073614.0581181766
1460354.67,1394688.126025585
1827440.43,1902548.9921353967
1974960.86,2005339.8618389114
365098.24,278961.4650023619
2077256.24,1633378.6310573623
325310.3,324226.2042113438
2008344.92,2049719.118072277
997672.62,1015751.8679639259
312161.0,282861.9348578227
424083.99,486024.1535834338
613531.11,606064.2138199449
514731.6,535092.2218932849
490503.69,487785.22402979486
491179.79,494173.9494893367
829284.67,822964.664557465
454183.42,510881.93408824265
304989.97,297236.20498537936
1804246.16,1826485.8878843444
985896.44,1165749.9746158316
1568048.54,1286256.7113877458
761793.94,610924.4583812323
958487.75,1015467.0414599937
972663.59,998440.4328820034
355626.87,356131.3145916041
1445596.61,1300013.694642334
1751369.75,1826601.4316385796
457030.86,439496.90412693133
815915.52,759024.3229762918
723086.2,741425.8772862313
1048802.62,1123857.7720182624
1333740.35,1329603.5168265188
1989674.07,2006025.1616731917
769848.75,786827.9923647542
505068.22,513586.3059792953
1198014.97,1173891.0723416335
435109.11,438486.83980871906
583210.87,587502.9962765354
1243812.59,1137572.7345986927
460331.7,508537.30700755306
282558.65,290126.02516197634
885445.47,941734.8630844951
382677.76,539538.8812211927
280785.76,281712.6077772871
734297.87,745927.8173865393
1379652.65,1404819.0135202273
452169.28,537265.7987245917
672062.08,654272.0002832565
758510.36,819218.9357599233
808030.15,872629.8335108601
288247.24,289637.5719629301
1487542.53,1414746.0680191296
888834.07,890921.60212889
739866.16,752451.2176619959
1979247.12,1931457.4902379522
1109574.11,1139825.4213084197
837548.62,766641.1380318899
727772.8,736313.8232712648
1004749.41,1007974.9830958038
587370.81,595283.9572674322
1702220.96,1347888.466032113
1648602.39,1638902.381313048
1764133.09,1828489.823551912
718393.61,808813.3089840887
1002806.39,1123249.1769955351
1321102.35,1394463.5245313963
1127859.69,1305890.1256423027
320691.21,317267.40362276474
463448.59,546048.2001098875
286477.35,290401.32461851364
1891034.93,1816816.057289085
699536.73,725257.5002255689
1413124.11,1350552.669126484
348895.98,363568.38724702486
1531938.44,1534973.8263936313
1443285.79,1412727.0935455773
1379651.87,1429475.7699041977
511049.06,547225.253889675
1757041.96,1685434.28685054
558473.6,564153.2193175104
979848.71,931803.4618553572
1694862.41,1732412.4372766018
1743882.19,1873299.8211932597
288855.71,316440.67823124875
1373907.21,1434181.233019452
600952.06,549765.3977047733
1870619.23,1898929.1699700556
1044639.69,1022048.5923489366
1837884.79,1791882.0889978174
1514828.82,1274164.299986917
1280465.8,1288749.1734183356
419497.95,417908.17205327324
1483784.18,1718801.435616947
912762.76,1030116.9037604474
651521.77,634426.4072883123
1373270.06,1339605.5295428915
583364.02,729347.5198509034
1177340.99,1068778.229886438
534740.3,629754.7039885662
1503284.06,1492420.094369425
973585.33,1070542.0063315278
977286.07,1137714.1990606708
505406.72,512839.15727232717
570611.23,567419.9986224886
356622.61,290150.8420188836
1981607.78,1922083.636096959
1907351.2,1873182.14349714
1855703.66,2057225.2699298766
328633.34,328211.24370585044
1316899.31,1423685.9296874583
2203523.2,2063355.3664588036
1031139.3,1143011.9107149113
672831.78,752252.6279189846
1811455.15,1851490.9210691154
1456793.33,1394688.126025585
428806.46,425664.1731045592
1459601.17,1611059.3263579588
307126.34,308603.88296187326
541216.92,537265.7987245917
1101458.21,1105106.4449545015
286347.26,313351.84636070026
1327424.28,1282416.7125103541
1377593.1,1419347.168091838
1224915.66,1262685.2089178285
950862.92,1143462.941178697
1143724.48,1207389.5260316078
822167.17,807129.1018441782
312078.71,329976.0255967613
226702.36,239037.67702909306
963910.81,945747.9111255045
445530.16,451649.5538805827
325201.05,283817.37042328814
2115408.31,2040148.557215969
513107.2,545456.37142123
2008350.58,1948408.7610543594
1405007.44,1394345.8244424153
1086231.47,1023947.2945322441
1332716.53,1448415.2814764818
278287.04,278232.0853303244
490981.78,539421.8462133135
1355391.79,1244457.8954071747
943912.77,946385.0451124287
1021534.7,1048319.9416342039
2117854.6,2145954.1635761615
1682316.31,1790710.4823316168
1900535.9,1938686.690151417
1921655.48,1675000.697203731
948964.99,823773.6597400373
1230011.95,950014.1692431769
1639999.47,1678522.9003731308
1278304.33,1297070.9163162648
574450.23,528520.1071496359
446336.8,424817.3603458542
1215354.38,1267306.1457440422
423175.56,424410.5982329194
1297237.7,1391120.0365358614
300255.87,303896.0706484131
415202.04,417269.5713996558
423805.22,488381.69993310183
616324.24,701822.6254310188
2005478.46,1921102.1027784594
356797.0,367574.7446084118
663396.32,618701.7555294294
1338716.37,1446120.9442199436
479263.15,496032.4749209332
1376571.21,1306209.790171467
1557776.1,1206622.1126961226
1518841.45,1801969.0881568862
394645.25,393092.44013634475
365248.94,371639.85251352115
773367.71,770104.8135308304
792299.15,763572.4262017139
462474.16,453883.4615976496
1212938.67,1334613.5973890147
338737.33,340547.9230097409
1442819.28,1336964.7629835235
1234875.33,1241803.6499783234
677971.33,751392.5157037394
545570.86,575489.1128536634
1371465.66,1332470.5888137126
303108.81,289438.101054114
699464.43,755543.0317590663
1321914.34,1284061.065414135
700272.01,759241.0328517605
385631.48,367114.5565231234
2044155.39,2101559.2728383527
513073.87,542829.4780864773
336241.0,338086.0298447918
330604.9,334320.2768567791
857797.33,825655.655075803
2251206.64,2257798.8127271114
1266564.94,1390655.6401755912
1358816.46,1390432.628603901
1645892.97,1822821.362185348
1697230.96,1644937.5667231665
326870.13,312764.71564550826
729036.06,730550.6481827933
498241.06,541443.7438355987
945018.83,945548.1079740403
905324.68,595692.2802202227
699270.1,756185.5557222808
267495.76,271161.9426672514
1840131.19,1538936.238396135
249798.75,255368.068062401
1851519.69,1922637.8309843643
508309.81,514093.8710703406
2109107.9,2037262.107572046
382914.66,411542.4282598443
335741.9,322833.21103368705
1372504.9,1423400.9058555644
873065.23,905935.3360834919
540149.85,535272.4224003673
1863195.68,1526281.9814584989
923644.6,997448.7412322417
959339.51,1041887.2333723275
1283849.38,1310132.8154033448
662198.65,638978.5758380364
916967.92,958189.4048852837
513615.82,516466.3638849787
1280414.8,1331304.000201003
611390.67,571837.9173424231
1814806.63,1899403.887977234
2429310.9,2413458.5872983267
890547.07,955343.2761511309
1827797.4,1812692.3653244504
1115138.51,1104083.9991644686
1150003.36,1197259.3634896397
1665502.55,1335274.6048463222
578002.85,568831.4413566906
323915.32,322180.11717623676
905756.13,892142.8198682182
826626.5,866018.2747610912
1789113.32,1589052.5481357432
751167.12,784358.6848602532
554093.15,549455.9940935981
749779.1,763283.8361921305
659816.15,625993.2402938097
1060433.1,1129192.502298864
505978.46,519441.2316474329
297293.59,291089.0188018707
1245898.73,1214412.9693737617
985594.23,1076488.62877892
1543365.9,1531589.125263743
997502.47,942127.3016519024
511316.29,522419.61501882435
2370116.52,2164907.963398557
376183.44,379208.1336850949
1392543.37,1386184.36722817
529418.64,530448.3535643569
592981.33,553817.3050112057
1048706.75,1128895.4965579954
1219583.91,1328631.0266493151
395107.35,396939.2043290648
794660.24,804308.3695885938
727163.67,773221.4247726804
2165160.29,1978886.7004520127
1311775.83,1451870.651360614
946060.98,1071536.0399745202
1289082.81,1279908.2796180884
830756.76,814622.0356137524
1106575.59,1171693.4079024273
586061.46,544728.0054120694
555954.13,551055.1612202278
938604.58,931545.7226973316
1314987.4,1332465.0048323972
1263680.51,1271028.1707917908
755098.41,784649.7687048982
1711769.11,1783673.09622191
408838.73,402684.4711413772
2149355.2,1468316.9568381887
2197299.65,2151333.9926321735
403342.4,384121.4010084046
872817.62,863230.4668352508
1759777.25,1607493.4699436615
1012075.12,1068000.8720052314
1386472.59,1406431.623944835
903882.96,942598.5590752644
1991824.05,1778240.0403882528
887979.47,872869.0932463658
1320239.51,1314226.9330860756
2258616.24,1975072.6693065409
1371405.33,1329278.1707320074
458086.69,538610.3153828015
1130926.79,782814.193508333
595421.23,635189.1901964528
1188047.61,1404290.040810396
821127.53,784184.8314987666
313387.11,326049.46616087103
1884734.31,1876027.404750551
1802755.11,1776658.1546311616
1484995.38,1534581.1306703014
1827521.71,1862951.2334013865
952766.93,894871.8076153463
294882.83,297164.73712417757
1088248.4,1010603.807035219
1037464.27,1006804.7143927098
1062629.3,947043.6851531331
1106847.62,1108282.2494498997
1473386.75,1393685.127737526
1017593.47,957946.0298466377
1522978.54,1556849.7082187566
1941676.61,2046340.419447814
817653.25,772564.8932620789
733455.07,745928.399612068
1523101.38,1460026.5856069154
1949177.13,1956775.4761799106
485150.01,499487.2476403118
310141.68,313305.29071351176
1877410.36,1612335.3775663078
390732.02,393653.967027455
1029849.2,994621.542191712
408679.36,415622.019563425
1913494.81,1750113.2827030616
2105058.91,2251354.9442241504
991570.02,1021062.1164558375
1007257.83,1028922.1256934038
527117.81,541688.9027764582
894865.3,911657.9715156812
953533.95,1125478.6276680916
1244391.83,1292632.4587451948
448392.17,452581.29545811063
1377716.17,1397626.7304112646
998362.05,1011827.5368831186
454412.28,510176.46239334473
262789.95,261476.33957340993
928537.54,894944.0308023581
506502.09,517645.74348208326
1399662.07,1458681.2972283447
1214944.29,1292684.9301866181
380188.69,361496.8994457866
1456300.89,1334439.8339818963
362134.09,355681.99125509156
2065191.27,1972056.1636991082
1141184.66,1195426.546276718
436293.4,451793.8472119929
806012.48,781032.4885608949
773725.08,878281.2961160601
213538.32,231221.86925035034
1511717.53,1825163.3359769392
1574287.76,1355324.7357931854
1788227.6,1824340.8100542482
1854967.66,1986447.9703868725
484835.2,551868.5052512735
2024554.1,1968886.1309590596
240044.57,242176.22766786025
795133.0,772927.6111637071
508576.62,502773.7816656723
1631737.68,1391407.2200567357
1869110.55,2025672.054637783
369106.72,344029.18270287267
1931104.67,2000364.067560294
1213860.61,1249413.7144524655
1642970.27,1395182.054338786
383550.93,483793.6068015014
891736.91,1587099.0725374948
585895.34,550384.7843364786
3487986.89,3382719.8581168475
885608.04,876723.6675580511
1593655.96,1189327.7570636899
1319054.57,1371121.8099480036
1953539.85,2046786.8753300572
1061196.47,1070408.2262078435
1911510.64,2008015.7598076519
333948.0,345524.97875744366
296673.77,299510.3021031619
714677.47,778869.9421560832
516556.94,516616.0564628626
442457.35,457687.4236755964
1000582.06,1233485.9918435712
2148822.76,2052112.304561504
928264.4,954811.0113256354
294264.2,296528.52328376635
1429143.06,1394058.6409215413
1594968.28,1528831.4297037292
529707.87,536496.9347481937
1522042.57,1352335.3816067462
592947.75,601845.7363224052
237129.81,242348.29766228006
1033017.37,1067780.6828207239
270677.98,290798.75451846066
2154137.67,2139520.3783705104
529852.7,512131.12792908086
1547654.98,1549925.9789160257
611585.54,630038.1677050409
1336404.65,1340609.585882887
1758971.38,1786343.5076939622
336189.66,334887.8535771372
1267619.06,1203324.8397023191
660619.99,723538.550575788
651837.77,569233.6830375675
1002856.2,1125856.3917148567
1198709.65,1271585.7276429757
410804.39,414870.8214539809
303643.84,291316.99708945537
1351791.03,1419354.2494653491
519585.67,580911.1807592395
1311986.87,1385343.1229633037
1682614.26,1714593.3070418225
660632.05,638516.13263003
2035189.66,1980319.5785164207
574622.56,551870.1049396978
1512207.95,1328477.2275174786
836419.14,817121.6048383655
1390934.27,1860486.9509151056
683300.84,725642.6426359091
1325835.7,1239480.0514039835
244338.31,246124.1466461806
984833.35,982774.6799707924
1478321.26,1262035.8772373784
533414.62,539285.1018447605
1347454.59,1280979.2227764602
775910.43,888265.9897126211
337979.65,333133.2596860351
1704218.84,2320272.9811550137
675202.87,729427.9514849505
1564819.81,1467494.5208647614
282545.55,295038.3811160228
1166117.85,1168235.6881155877
1065350.56,1138616.1354844924
1297535.69,1299324.6915550714
1897429.36,1927744.9975648702
342214.9,346527.4791543226
2131900.55,2040821.8708185214
1691439.52,1863831.3141364204
1857500.96,1849866.5496525585
2138144.91,2123134.5270532947
517850.83,506632.7171389394
1601377.41,1346555.970434836
401615.8,422597.8217847864
979428.66,921712.7406381641
1794355.49,1882043.8155851634
1620374.24,1647707.6370309966
615997.29,569729.4495279653
877268.29,1177374.9027241326
451077.21,457086.8824550725
851762.28,914528.2646351921
1066792.63,1085753.7982572555
1143819.35,1125497.4733619448
1557314.58,1486654.9720612937
1962445.04,1583482.0113634074
283455.13,292469.42065185145
1650894.3,1814544.2757730058
1983190.56,1862761.0399545315
1048866.3,1005976.6487424886
910240.68,915417.4683346085
1189646.45,1275767.2161268974
1263534.86,1545436.5596332035
982598.88,1272045.8749212502
1422794.26,1281530.437586524
416036.75,429443.922528843
1061134.37,1022972.3691032858
420515.63,421425.690454649
825584.22,1133910.3888865882
1200019.74,1192698.979495083
468189.93,457845.61348975846
1336838.41,1404489.4415644081
1264272.52,1335015.5200695617
624114.56,608753.59822668
469311.17,467624.4378011074
1886503.93,1949546.0080308171
781267.76,804198.1646912581
1297335.87,1344128.5124953706
1227469.2,1195894.0846376666
529384.31,537027.4267969917
680254.35,697762.3371836198
469563.7,459465.09335610154
272190.83,279794.7443332712
988764.84,928304.5484918295
892070.82,946963.2308110159
1331137.96,1330263.9798317854
2062481.56,1945776.789195164
902109.69,1189602.317350002
2302504.86,2516673.2967002927
329183.92,317644.7596737179
1426405.46,1414495.048305878
449516.29,417120.17737122066
883683.35,820439.9109428965
339976.65,382308.55591445806
396968.8,381039.422197727
2082355.12,2121630.3465963136
535937.25,525622.1277240216
1430851.11,1397263.7826336534
1704753.02,1848065.566179252
589091.04,592345.3654729075
321110.22,316077.44382255716
1537139.56,1895291.1967827966
642776.4,696807.6020680113
655811.95,724663.0503860068
2432736.52,2612211.2440576814
1523979.11,1526348.1895609193
958225.41,894579.95610489
3818686.45,3146669.978453868
468428.3,547224.3701419366
955294.7,910951.4210283109
1248901.98,1272439.4913363508
558671.14,553511.6238105473
1935869.1,1957597.410456267
480239.88,562982.7271701306
1069112.0,1004472.0080163624
1244381.98,1300116.7995850886
2156035.06,2167489.467780748
463561.48,538971.2929884173
638144.98,630863.8434628514
1337506.74,1335687.824018301
660838.75,607333.9027814564
616345.25,634111.0565959195
1090915.09,1083327.784142754
1364445.98,1297338.6716339015
1133807.03,1081297.5897132724
435972.82,456783.256111393
303908.81,347197.4578942503
574955.95,565317.5680332906
575997.78,587601.9685332734
562173.12,557532.97343264
527953.14,517303.1745169982
1306551.71,1244457.8954071747
1229257.7,1194162.3249095522
527572.25,532903.1940215059
1527845.81,1515507.8195372
918049.28,1022616.009209366
1808250.71,1927768.6720120641
239431.85,238417.54157237906
1122053.58,1130024.8611781725
1502078.93,1423033.346197657
303043.02,312739.119979046
1455119.97,1542478.9742387126
1385769.03,1398301.348959839
668390.82,755766.4710352015
970641.34,1148821.3674551211
688940.94,725257.5002255689
1414564.53,1401053.1290580363
1946070.88,1965451.2677724243
1848426.78,1859562.1891938248
1754879.45,1816333.951127131
1792345.3,1845152.924032555
1391813.69,1339254.6874558679
1524390.07,1852590.7061802777
1464616.59,1284450.9278701409
1425559.02,1437697.8067649356
1688531.34,1903874.4709579668
1513635.64,1536895.4550794472
1828052.47,1857645.6682126797
827717.85,862175.1930077053
273079.07,286552.92003608984
966780.01,1021418.5625802667
658997.55,663271.7456136895
929096.9,927523.8526287645
1939980.43,1932622.201706348
1313729.72,1906743.0634222561
505405.85,621707.2064345381
893399.77,894849.9836786329
1158698.44,1279818.0329144737
918335.68,884669.4110899088
391860.04,372267.55618580064
314607.22,296903.86738212535
585548.79,530108.9225669425
1863840.49,1822616.572606985
1436383.84,1332715.5592545092
497374.57,462194.7275250141
407589.16,413360.4420943028
2020332.07,2045834.8155918955
557166.35,593302.6911712062
2246179.91,2122270.7225276805
912857.1,926608.0894619207
996937.95,993171.3939387767
1282378.71,1182236.0049785927
1394393.84,1491413.7471916846
757369.87,849996.4320514472
1310087.0,1396391.8524561059
1230245.74,1131439.786175885
649791.15,608940.5020563438
1242746.06,1186690.55184401
1436311.76,1353501.9306883046
1468350.36,1404299.884463799
913616.32,932076.2817945608
1661767.33,1678085.875721333
813756.09,859503.2923316605
1415204.88,1357129.7056616945
427491.04,428169.1883238485
2236209.13,2140687.3131772
848289.41,823078.2947484173
1187776.19,1336280.1217442832
923600.02,976078.8922385994
1536176.54,1667033.118301155
1370659.54,1395418.7628590965
575570.77,593544.2069943964
1375101.26,1405181.3155710609
976393.43,1002662.4212722589
1351407.79,1480093.7721573994
369350.6,370534.01704446296
918006.9,896110.9547983899
864881.24,885698.7871612248
562633.67,579162.4956436786
2137809.5,2095893.5424340537
556925.19,451965.7132870218
1327719.34,1312394.460874543
1660081.29,1643088.6160192876
1624477.58,1633471.1106596005
1372043.71,1408437.020796683
394918.83,411337.6441340265
988392.99,1071363.8843244875
1230118.02,1406242.2712416763
624099.48,639873.7388439893
754236.7,779828.6867284016
411116.95,405505.9263235607
2224499.28,2154908.31857153
1176588.25,1197534.2227629528
360256.58,366816.13919286703
1811562.88,1811280.9010844529
1246062.17,1340913.14003518
667353.79,679832.1919889638
1461393.91,1393146.5569027406
588363.62,543795.9701658754
1048101.39,963555.8428578065
630740.11,630725.1351874975
1740063.1,1821883.2539084991
1149427.48,1184462.8478303775
1680764.06,1412820.23835816
1934099.65,1509929.4280999058
1511041.69,1453855.5026988564
328498.92,324893.26971719885
820188.42,868139.1327738097
453016.91,460782.1243819478
981615.81,994397.1100479515
1408907.89,1404793.812777
1021391.99,1002309.050984999
432424.85,415187.7753781539
594744.89,689904.6718086468
315645.53,315962.1518139148
1302499.23,1379040.2128063273
1295605.35,1385807.6220116974
924174.4,1078355.5888317162
1037549.71,1070713.4696606845
622437.08,619162.2587409415
337825.89,316799.1464439423
507335.75,520061.8454204793
2163384.17,1878077.2204061255
1267675.05,1297818.0467897835
667151.46,731141.0336295101
1213486.95,1546531.9281519738
1384721.84,1457833.7433869436
306827.36,319387.7243223967
277137.86,297177.54123149044
981646.46,1019970.3833109444
2121788.61,2139023.3864714643
298080.45,298059.7525212359
453308.15,417835.16446656105
570816.34,691768.894624032
491115.86,504714.2038334501
903864.02,921490.9424588067
1677472.78,1636941.9984594868
1588430.71,1535168.66144504
1388553.11,1401479.1138288467
1317379.68,1285645.0829855637
412882.31,411457.8626298125
429305.82,427994.88994089694
312361.88,329421.9044063766
1116295.24,1246718.9960159652
1220815.33,1306995.0847167163
1484708.38,1523347.0974994188
717207.19,752100.4046784672
1544653.37,1405181.3155710609
2005341.43,1945776.789195164
941008.85,1007067.4212870019
712312.89,776521.3836234245
1772143.94,1937003.3828454511
552985.34,515233.8818622382
1539387.83,1503576.3202840767
1449142.92,1408991.4543882376
2189353.63,2034132.7775195825
2055952.61,1947631.4255310597
1344580.92,1464145.0191147388
298697.84,299941.8523007857
491449.94,561916.713524903
1033171.07,1068348.4711215775
981210.57,954921.2747467709
1999363.49,1960616.8571873177
2207214.81,2155365.569698257
805028.74,800793.0870457939
643603.69,621631.6159216026
899761.48,1068000.8720052314
1908278.27,1891107.0935644826
241937.11,298371.45696727675
361067.07,327651.7254411303
1199845.29,1170224.5029919858
726422.55,755766.4710352015
1277959.42,1337008.3437992535
522816.85,534519.5890524358
1841369.99,1857711.5699701684
710496.97,756235.6262736918
802583.89,829076.9546841397
342385.38,331382.2800146622
2095591.63,2160758.2028818633
1277882.77,1300671.8582914681
1445249.09,1434754.398599781
261131.09,267554.1540988888
684348.92,749211.6077124216
1543947.23,1428811.8115670113
329613.2,318807.1643343384
1635078.41,1580006.43646366
535769.32,574430.7063783894
1350646.16,1380643.502864278
859258.17,825784.0252413764
489079.23,497225.6927087161
306098.17,320652.3179926754
1246242.61,1283665.1862192238
558691.43,584669.2489537182
481144.09,553937.8818256836
2081534.65,2103186.2780758576
541406.98,557625.1481215529
359949.27,384738.65450167836
1290684.95,1236690.3251884251
1857533.7,1872198.2334148013
1034119.21,1007801.7390308975
503295.29,514383.56158769445
1239423.19,1289612.5659240251
437222.94,429707.9733969215
589554.29,691391.3121928992
820288.35,861020.3766739753
366367.55,372099.3466459029
2094515.71,2041296.07739741
340497.08,334521.27937762043
1419236.9,1340715.7154411117
449355.91,434029.84950465435
500945.63,508955.95199411473
1785823.37,1888216.8252676271
1794962.64,1856773.0787383753
725043.04,682376.1331620215
994610.43,1123069.9224370446
1707481.9,1789470.2068595188
768070.53,616389.423900867
1011201.12,1160406.6654590897
425215.71,436641.84612737154
1492060.89,1409995.368374884
801098.43,762915.8946911122
890689.51,752133.450336674
2066187.72,1999059.9294649223
816138.33,814167.7593719062
